-- phpMyAdmin SQL Dump
-- version 5.2.0
-- https://www.phpmyadmin.net/
--
-- Máy chủ: 127.0.0.1
-- Thời gian đã tạo: Th3 28, 2023 lúc 11:03 AM
-- Phiên bản máy phục vụ: 10.4.27-MariaDB
-- Phiên bản PHP: 8.0.25

SET SQL_MODE = "NO_AUTO_VALUE_ON_ZERO";
START TRANSACTION;
SET time_zone = "+00:00";


/*!40101 SET @OLD_CHARACTER_SET_CLIENT=@@CHARACTER_SET_CLIENT */;
/*!40101 SET @OLD_CHARACTER_SET_RESULTS=@@CHARACTER_SET_RESULTS */;
/*!40101 SET @OLD_COLLATION_CONNECTION=@@COLLATION_CONNECTION */;
/*!40101 SET NAMES utf8mb4 */;

--
-- Cơ sở dữ liệu: `bandoan`
--

-- --------------------------------------------------------

--
-- Cấu trúc bảng cho bảng `manufactures`
--

CREATE TABLE `manufactures` (
  `manu_id` int(11) NOT NULL,
  `manu_name` varchar(100) NOT NULL
) ENGINE=MyISAM DEFAULT CHARSET=utf8 COLLATE=utf8_unicode_ci;

--
-- Đang đổ dữ liệu cho bảng `manufactures`
--

INSERT INTO `manufactures` (`manu_id`, `manu_name`) VALUES
(18, 'Capple.vn');

-- --------------------------------------------------------

--
-- Cấu trúc bảng cho bảng `orders`
--

CREATE TABLE `orders` (
  `order_id` int(11) NOT NULL,
  `user_id` int(11) NOT NULL,
  `address` varchar(100) NOT NULL,
  `phone` text NOT NULL,
  `status` int(11) NOT NULL DEFAULT 0,
  `total` int(11) NOT NULL,
  `note` varchar(150) NOT NULL,
  `date_create` timestamp NOT NULL DEFAULT current_timestamp()
) ENGINE=MyISAM DEFAULT CHARSET=utf8 COLLATE=utf8_unicode_ci;

--
-- Đang đổ dữ liệu cho bảng `orders`
--

INSERT INTO `orders` (`order_id`, `user_id`, `address`, `phone`, `status`, `total`, `note`, `date_create`) VALUES
(114, 14, '140 Nguyễn Văn Tăng, Long Thạnh Mỹ, Quận 9, Thành phố Thủ Đức', '0977711233', 1, 3630000, 'Chuẩn bị bữa tối', '2023-03-28 08:57:08'),
(115, 1, 'Man Thiện, Long Thạnh Mỹ, Quận 9, Thành phố Thủ Đức', '0979933966', 1, 1500000, '', '2023-03-28 09:00:35'),
(113, 1, '266 Nguyễn Thái Sơn, P.5, Quận Gò Vấp, Thành phố Hồ Chí Minh', '0935540795', 1, 4535000, 'Chúc mừng sinh nhật', '2023-03-28 08:54:34');

-- --------------------------------------------------------

--
-- Cấu trúc bảng cho bảng `order_details`
--

CREATE TABLE `order_details` (
  `order_id` int(6) NOT NULL,
  `product_name` varchar(50) NOT NULL,
  `product_price` int(11) NOT NULL,
  `product_quantity` int(11) NOT NULL,
  `cost` int(11) NOT NULL,
  `product_id` int(6) NOT NULL,
  `type_id` int(7) NOT NULL,
  `product_image` varchar(150) NOT NULL,
  `orderdetail_id` int(6) NOT NULL
) ENGINE=MyISAM DEFAULT CHARSET=utf8 COLLATE=utf8_unicode_ci;

--
-- Đang đổ dữ liệu cho bảng `order_details`
--

INSERT INTO `order_details` (`order_id`, `product_name`, `product_price`, `product_quantity`, `cost`, `product_id`, `type_id`, `product_image`, `orderdetail_id`) VALUES
(115, 'Chanh tươi Irag (kg)', 250000, 6, 1500000, 3, 3, 'chanhtuoiirag.png', 79),
(114, 'Bánh kem Matcha Nho', 320000, 1, 320000, 12, 2, 'banhkemnhomatcha.jpg', 78),
(114, 'Kiwi ngọt Brazil (kg)', 190000, 1, 190000, 57, 1, 'kiwi.png', 77),
(114, 'Bánh kem Táo Hàn Quốc', 550000, 1, 550000, 17, 2, 'banhkemtao.jpg', 76),
(114, 'Chanh dây Nga tươi (kg)', 120000, 1, 120000, 16, 1, 'chanhday.png', 75),
(114, 'Bánh kem Matcha', 600000, 1, 600000, 22, 2, 'banhkemmatcha.jpg', 74),
(114, 'Nho Pháp thượng hạng (kg)', 150000, 1, 150000, 56, 1, 'nho.png', 73),
(114, 'Bánh kem bơ Pháp', 850000, 2, 1700000, 1, 2, 'banhkembophap.jpg', 72),
(113, 'Nho Pháp thượng hạng (kg)', 150000, 1, 150000, 56, 1, 'nho.png', 71),
(113, 'Ớt chuông đỏ (kg)', 60000, 1, 60000, 23, 3, 'otchuongdo.png', 70),
(113, 'Chanh tươi Irag (kg)', 250000, 2, 500000, 3, 3, 'chanhtuoiirag.png', 69),
(113, 'Bánh kem dâu Ý', 1200000, 2, 2400000, 5, 2, 'banhkemdau.jpg', 68),
(113, 'Chanh dây Nga tươi (kg)', 120000, 2, 240000, 16, 1, 'chanhday.png', 67),
(113, 'Cà tím Châu Phi (kg)', 120000, 3, 360000, 7, 3, 'catim.jpg', 66),
(113, 'Hồng đỏ Nam Mỹ (kg)', 165000, 5, 825000, 11, 1, 'hongdomy.png', 65);

-- --------------------------------------------------------

--
-- Cấu trúc bảng cho bảng `products`
--

CREATE TABLE `products` (
  `id` int(11) NOT NULL,
  `name` varchar(150) NOT NULL,
  `manu_id` int(11) NOT NULL,
  `type_id` int(11) NOT NULL,
  `price` int(11) NOT NULL,
  `pro_image` varchar(150) NOT NULL,
  `description` text NOT NULL,
  `feature` tinyint(4) NOT NULL,
  `created_at` timestamp NOT NULL DEFAULT current_timestamp()
) ENGINE=MyISAM DEFAULT CHARSET=utf8 COLLATE=utf8_unicode_ci;

--
-- Đang đổ dữ liệu cho bảng `products`
--

INSERT INTO `products` (`id`, `name`, `manu_id`, `type_id`, `price`, `pro_image`, `description`, `feature`, `created_at`) VALUES
(1, 'Bánh kem bơ Pháp', 18, 2, 850000, 'banhkembophap.jpg', 'Vẫn sở hữu phần cốt bánh bông lan xốp mịn, điều làm cho những chiếc bánh kem này trở nên đặc biệt và cuốn hút nằm ở phần kem bơ.\r\n\r\nKem bơ Pháp được làm từ những nguyên liệu gồm lòng đỏ trứng, syrup đường và bơ lạt. Nhờ sử dụng thêm lòng đỏ trứng, thành phẩm kem bơ sẽ có hương vị cực kì thơm ngon, mềm mượt và tan ngay khi vào miệng.\r\n\r\nNhững người thợ tài hoa của Grand Castella còn tận dụng phần kem bơ này, sáng tạo nên những hình ảnh trang trí độc đáo, giúp chiếc bánh kem đã ngon nay trở nên xinh đẹp hơn.', 1, '2021-10-22 04:15:10'),
(53, 'Cải thìa Triều Tiên (kg)', 18, 3, 70000, 'caithia.png', 'Cải thìa Triều Tiên do ông Kim trồng ăn rất ngon nhé. Mua ăn thử đi biết', 0, '2022-11-18 08:20:02'),
(54, 'Cà rốt Bắc Mỹ (kg)', 18, 3, 120000, 'carot.png', 'Cà rốt Bắc Mỹ do ông Donald Trump đích thân trồng tại nông trại. Không qua bất cứ máy móc và hóa chất. Nên rất ngon và đắt', 0, '2022-11-18 08:19:55'),
(55, 'Cà chua Nhật Bản (kg)', 18, 3, 110000, 'cachua.png', 'Do Thiên Hoàng Minh Trị trồng từ thời chiến tranh thế giới thứ 2. Đặc biệt loại này không dính phóng xạ nên ăn bổ lắm nha.', 0, '2022-11-18 08:19:46'),
(3, 'Chanh tươi Irag (kg)', 18, 3, 250000, 'chanhtuoiirag.png', 'Loại tranh xuất xứ từ những anh Iran, Irag đẹp trai. Khủng b*, nên chanh này ăn ngon và hấp dẫn. Tận hưởng những phút giây như bị kh**g bố khi ăn nó', 0, '2022-11-18 08:22:41'),
(5, 'Bánh kem dâu Ý', 18, 2, 1200000, 'banhkemdau.jpg', 'Xuất xứ từ Ý, du nhập Việt Nam năm 2022. Mới lạ và đang là xu hướng', 1, '2022-11-18 08:22:28'),
(7, 'Cà tím Châu Phi (kg)', 18, 3, 120000, 'catim.jpg', 'Loại cà tím Châu Phi này to thì khỏi phải nói :)). Ăn thì cũng ngon, làm ngất ngây bao nhiêu chị em. Mua ăn thử bạn nhé', 1, '2022-11-18 08:22:20'),
(11, 'Hồng đỏ Nam Mỹ (kg)', 18, 1, 165000, 'hongdomy.png', 'Hồng đỏ tươi Nam Mỹ, cung cấp nhiều khoáng chất tốt cho cơ thể', 1, '2022-11-18 08:22:12'),
(12, 'Bánh kem Matcha Nho', 18, 2, 320000, 'banhkemnhomatcha.jpg', 'Sản phẩm tốt với giá thành rẻ. Ngon mà đẹp, thích hợp với sinh viên', 1, '2022-11-18 08:21:53'),
(13, 'Dưa leo Ấn Độ (kg)', 18, 3, 50000, 'dualeoando.png', 'Dưa leo Ấn Độ chỉ được trồng ở Ấn Độ. Không xuất khẩu, nay có ở Việt Nam nhờ tui buôn l*u. Mua ăn đi nhé!!!', 1, '2022-11-18 08:21:34'),
(16, 'Chanh dây Nga tươi (kg)', 18, 1, 120000, 'chanhday.png', 'Loại chanh dây đặc biệt này chỉ trồng được ở nước Hàn Đới như Nga, nên đừng thắc ắc giá cả. Mua ăn liền đi nhé!!!', 1, '2022-11-18 08:21:23'),
(17, 'Bánh kem Táo Hàn Quốc', 18, 2, 550000, 'banhkemtao.jpg', 'Bánh kem táo Hàn Quốc siêu đẹp và ngon', 1, '2022-11-18 08:21:15'),
(18, 'Dâu tây đỏ ngọt (kg)', 18, 1, 100000, 'dautay.png', 'Loại dâu tây này siêu ngọt và thơm. Ăn ngon nhé bạn', 1, '2022-11-18 08:21:01'),
(21, 'Vải thiều loại to (kg)', 18, 1, 85000, 'vaithieuloaito.png', 'Vải thiều loại to, tươi mới mỗi ngày. Cung cấp Vitamin tốt cho sức khỏe', 0, '2022-11-18 08:20:52'),
(22, 'Bánh kem Matcha', 18, 2, 600000, 'banhkemmatcha.jpg', 'Bánh kem matcha trà xanh, cực kỳ thơm ngon. Được khá nhiều người ưa chuộng', 1, '2022-11-18 08:22:01'),
(23, 'Ớt chuông đỏ (kg)', 18, 3, 60000, 'otchuongdo.png', 'Ớt chuông đỏ cung cấp nhiều Vitamin D. Loại này ít cay nhưng ngon khi xào chung với Mực', 1, '2022-11-18 08:20:15'),
(56, 'Nho Pháp thượng hạng (kg)', 18, 1, 150000, 'nho.png', 'Loại nho Pháp thượng hạng này được Napoleon cho trồng vào giữa thế kỷ XVII và thịnh hành đến bây giờ. Được mình nhập khẩu chui về bán cho bạn ăn', 0, '2022-11-18 08:19:33'),
(57, 'Kiwi ngọt Brazil (kg)', 18, 1, 190000, 'kiwi.png', 'Kiwi được hái từ trong rừng Amazon tại Brazil, hương vị phải nói là ngây ngất lòng người, ăn 1 lần là lần sau khỏi ăn luôn', 0, '2022-11-20 03:35:21');

-- --------------------------------------------------------

--
-- Cấu trúc bảng cho bảng `protypes`
--

CREATE TABLE `protypes` (
  `type_id` int(11) NOT NULL,
  `type_name` varchar(100) NOT NULL
) ENGINE=MyISAM DEFAULT CHARSET=utf8 COLLATE=utf8_unicode_ci;

--
-- Đang đổ dữ liệu cho bảng `protypes`
--

INSERT INTO `protypes` (`type_id`, `type_name`) VALUES
(1, 'Trái cây tươi'),
(2, 'Bánh ngọt'),
(3, 'Rau củ');

-- --------------------------------------------------------

--
-- Cấu trúc bảng cho bảng `roles`
--

CREATE TABLE `roles` (
  `role_id` int(11) NOT NULL,
  `role_name` varchar(100) NOT NULL
) ENGINE=MyISAM DEFAULT CHARSET=utf8 COLLATE=utf8_unicode_ci;

--
-- Đang đổ dữ liệu cho bảng `roles`
--

INSERT INTO `roles` (`role_id`, `role_name`) VALUES
(1, 'Admin'),
(2, 'Customer');

-- --------------------------------------------------------

--
-- Cấu trúc bảng cho bảng `sales`
--

CREATE TABLE `sales` (
  `id` int(11) NOT NULL,
  `Sell_number` int(11) NOT NULL,
  `Import_quantity` int(11) NOT NULL,
  `Import_date` timestamp NOT NULL DEFAULT current_timestamp()
) ENGINE=MyISAM DEFAULT CHARSET=utf8 COLLATE=utf8_unicode_ci;

--
-- Đang đổ dữ liệu cho bảng `sales`
--

INSERT INTO `sales` (`id`, `Sell_number`, `Import_quantity`, `Import_date`) VALUES
(2, 300, 1200, '2021-11-12 01:41:19'),
(3, 1200, 2000, '2021-11-12 01:42:44'),
(4, 100, 1000, '2021-11-12 01:43:12'),
(5, 700, 1500, '2021-11-12 01:43:38'),
(6, 100, 500, '2021-11-12 01:44:04'),
(7, 600, 1000, '2021-11-12 01:44:30'),
(8, 170, 300, '2021-11-12 01:44:52'),
(9, 100, 500, '2021-11-12 01:45:20'),
(10, 150, 400, '2021-11-19 12:29:46'),
(11, 160, 300, '2021-11-19 12:32:39'),
(12, 200, 500, '2021-11-19 12:32:54'),
(13, 320, 540, '2021-11-19 12:33:05'),
(14, 250, 350, '2021-11-19 12:33:17'),
(15, 700, 1000, '2021-11-19 12:33:34'),
(16, 300, 600, '2021-11-19 12:33:49'),
(17, 100, 200, '2021-11-19 12:34:01'),
(18, 500, 1000, '2021-12-14 02:25:29'),
(19, 300, 1250, '2021-12-14 02:25:29'),
(20, 400, 700, '2021-12-14 02:26:09'),
(21, 150, 500, '2021-12-14 02:26:30'),
(22, 190, 700, '2021-12-14 02:26:43'),
(23, 250, 800, '2021-12-14 02:26:58'),
(24, 800, 2000, '2021-12-14 02:27:10'),
(25, 300, 750, '2021-12-14 02:27:24');

-- --------------------------------------------------------

--
-- Cấu trúc bảng cho bảng `users`
--

CREATE TABLE `users` (
  `user_id` int(11) NOT NULL,
  `image` varchar(150) DEFAULT NULL,
  `First_name` varchar(100) NOT NULL,
  `Last_name` varchar(100) NOT NULL,
  `phone` int(11) NOT NULL,
  `username` varchar(50) NOT NULL,
  `password` varchar(250) NOT NULL,
  `role_id` int(11) NOT NULL
) ENGINE=MyISAM DEFAULT CHARSET=utf8 COLLATE=utf8_unicode_ci;

--
-- Đang đổ dữ liệu cho bảng `users`
--

INSERT INTO `users` (`user_id`, `image`, `First_name`, `Last_name`, `phone`, `username`, `password`, `role_id`) VALUES
(1, 'admin.jpg', 'Hồ ', 'Duy Hoàng', 999999999, 'hoang', '202cb962ac59075b964b07152d234b70', 1),
(14, 'avatar3.jpg', 'Nguyễn ', 'Quốc Huy', 123456, 'huy', '202cb962ac59075b964b07152d234b70', 2),
(17, NULL, 'Đàm ', 'Vinh Quang', 999777333, 'quang', '202cb962ac59075b964b07152d234b70', 1);

--
-- Chỉ mục cho các bảng đã đổ
--

--
-- Chỉ mục cho bảng `manufactures`
--
ALTER TABLE `manufactures`
  ADD PRIMARY KEY (`manu_id`);

--
-- Chỉ mục cho bảng `orders`
--
ALTER TABLE `orders`
  ADD PRIMARY KEY (`order_id`);

--
-- Chỉ mục cho bảng `order_details`
--
ALTER TABLE `order_details`
  ADD PRIMARY KEY (`orderdetail_id`);

--
-- Chỉ mục cho bảng `products`
--
ALTER TABLE `products`
  ADD PRIMARY KEY (`id`);

--
-- Chỉ mục cho bảng `protypes`
--
ALTER TABLE `protypes`
  ADD PRIMARY KEY (`type_id`);

--
-- Chỉ mục cho bảng `roles`
--
ALTER TABLE `roles`
  ADD PRIMARY KEY (`role_id`);

--
-- Chỉ mục cho bảng `sales`
--
ALTER TABLE `sales`
  ADD PRIMARY KEY (`id`);

--
-- Chỉ mục cho bảng `users`
--
ALTER TABLE `users`
  ADD PRIMARY KEY (`user_id`);

--
-- AUTO_INCREMENT cho các bảng đã đổ
--

--
-- AUTO_INCREMENT cho bảng `manufactures`
--
ALTER TABLE `manufactures`
  MODIFY `manu_id` int(11) NOT NULL AUTO_INCREMENT, AUTO_INCREMENT=19;

--
-- AUTO_INCREMENT cho bảng `orders`
--
ALTER TABLE `orders`
  MODIFY `order_id` int(11) NOT NULL AUTO_INCREMENT, AUTO_INCREMENT=116;

--
-- AUTO_INCREMENT cho bảng `order_details`
--
ALTER TABLE `order_details`
  MODIFY `orderdetail_id` int(6) NOT NULL AUTO_INCREMENT, AUTO_INCREMENT=80;

--
-- AUTO_INCREMENT cho bảng `products`
--
ALTER TABLE `products`
  MODIFY `id` int(11) NOT NULL AUTO_INCREMENT, AUTO_INCREMENT=66;

--
-- AUTO_INCREMENT cho bảng `protypes`
--
ALTER TABLE `protypes`
  MODIFY `type_id` int(11) NOT NULL AUTO_INCREMENT, AUTO_INCREMENT=9;

--
-- AUTO_INCREMENT cho bảng `users`
--
ALTER TABLE `users`
  MODIFY `user_id` int(11) NOT NULL AUTO_INCREMENT, AUTO_INCREMENT=18;
COMMIT;

/*!40101 SET CHARACTER_SET_CLIENT=@OLD_CHARACTER_SET_CLIENT */;
/*!40101 SET CHARACTER_SET_RESULTS=@OLD_CHARACTER_SET_RESULTS */;
/*!40101 SET COLLATION_CONNECTION=@OLD_COLLATION_CONNECTION */;
